{
  "precision": 0.8665594855305466,
  "recall": 0.8938640132669984,
  "f1": 0.8799999999500121,
  "auroc": 0.9462851834755205,
  "aupr": 0.9490415625549751,
  "ndcg@10": 0.9988512878724027,
  "mrr": 1.0,
  "map": 1.0,
  "threshold": 0.47000000000000003
}