{
  "precision": 0.4975767366720517,
  "recall": 1.0,
  "f1": 0.6645091693191659,
  "auroc": 0.524136635069111,
  "aupr": 0.5248201149323701,
  "ndcg@10": 0.7901985518290395,
  "mrr": 1.0,
  "map": 1.0,
  "threshold": 0.01
}