{
  "precision": 0.4987854251012146,
  "recall": 1.0,
  "f1": 0.6655861695936252,
  "auroc": 0.5062142439554016,
  "aupr": 0.5128454947493234,
  "ndcg@10": 0.8336053882375195,
  "mrr": 1.0,
  "map": 1.0,
  "threshold": 0.39
}