{
  "precision": 0.4975767366720517,
  "recall": 1.0,
  "f1": 0.6645091693191659,
  "auroc": 0.4906590595899277,
  "aupr": 0.4925889130268183,
  "ndcg@10": 0.729905653382149,
  "mrr": 1.0,
  "map": 1.0,
  "threshold": 0.01
}