{
  "precision": 0.5090595340811044,
  "recall": 1.0,
  "f1": 0.6746712406642684,
  "auroc": 0.514761494849951,
  "aupr": 0.5256731894856104,
  "ndcg@10": 0.8222648782677215,
  "mrr": 1.0,
  "map": 1.0,
  "threshold": 0.47000000000000003
}