{
  "precision": 0.9173419773095624,
  "recall": 0.9386401326699834,
  "f1": 0.927868852409023,
  "auroc": 0.982740934502744,
  "aupr": 0.9844926472179492,
  "ndcg@10": 0.9999999999779907,
  "mrr": 1.0,
  "map": 1.0,
  "threshold": 0.47000000000000003
}