{
  "precision": 0.49797898140662894,
  "recall": 1.0,
  "f1": 0.6648677819307911,
  "auroc": 0.5209251158809036,
  "aupr": 0.5144419969137219,
  "ndcg@10": 0.7173088420256881,
  "mrr": 1.0,
  "map": 1.0,
  "threshold": 0.45
}