{
  "precision": 0.5182119205298014,
  "recall": 0.9952305246422893,
  "f1": 0.6815459988662356,
  "auroc": 0.49710781389598924,
  "aupr": 0.5145903390198738,
  "ndcg@10": NaN,
  "mrr": 0.341770708239391,
  "map": 0.26937936468323725,
  "threshold": 0.43
}