{
  "precision": 0.508182601205857,
  "recall": 1.0,
  "f1": 0.6739006281677671,
  "auroc": 0.48152215856807856,
  "aupr": 0.5020228306513809,
  "ndcg@10": 0.7202461484073235,
  "mrr": 1.0,
  "map": 1.0,
  "threshold": 0.01
}