{
  "precision": 0.49797898140662894,
  "recall": 1.0,
  "f1": 0.6648677819307911,
  "auroc": 0.499417985551426,
  "aupr": 0.5042717771095662,
  "ndcg@10": 0.7397060772402063,
  "mrr": 1.0,
  "map": 1.0,
  "threshold": 0.37
}