{
  "precision": 0.5168447000821693,
  "recall": 1.0,
  "f1": 0.6814734560764164,
  "auroc": 0.4966624469271028,
  "aupr": 0.51629515895783,
  "ndcg@10": 0.7812901721315679,
  "mrr": 1.0,
  "map": 1.0,
  "threshold": 0.41000000000000003
}