{
  "precision": 0.4975767366720517,
  "recall": 1.0,
  "f1": 0.6645091693191659,
  "auroc": 0.4916351735081638,
  "aupr": 0.4958332909879314,
  "ndcg@10": NaN,
  "mrr": 0.3426271175049558,
  "map": 0.2711743015418844,
  "threshold": 0.01
}