{
  "precision": 0.5128205128205128,
  "recall": 0.9830508474576272,
  "f1": 0.6740267286010768,
  "auroc": 0.5393169877408056,
  "aupr": 0.556523527251737,
  "ndcg@10": 0.7979465383347518,
  "mrr": 1.0,
  "map": 1.0,
  "threshold": 0.49
}