{
  "precision": 0.7730829420970265,
  "recall": 0.8192371475953566,
  "f1": 0.7954911432672722,
  "auroc": 0.8734506163341369,
  "aupr": 0.8822236320252881,
  "ndcg@10": 0.9877117056445706,
  "mrr": 1.0,
  "map": 1.0,
  "threshold": 0.47000000000000003
}