{
  "precision": 0.5164203612479474,
  "recall": 1.0,
  "f1": 0.6811044937287718,
  "auroc": 0.48876730520593503,
  "aupr": 0.5097504701407949,
  "ndcg@10": NaN,
  "mrr": 0.34448833985665483,
  "map": 0.26864810548627904,
  "threshold": 0.01
}