{
  "precision": 0.4975767366720517,
  "recall": 1.0,
  "f1": 0.6645091693191659,
  "auroc": 0.5140923184532509,
  "aupr": 0.49879454647423116,
  "ndcg@10": NaN,
  "mrr": 0.340760695746388,
  "map": 0.2668799461101048,
  "threshold": 0.01
}