{
  "precision": 0.5097210481825867,
  "recall": 1.0,
  "f1": 0.6752519596417232,
  "auroc": 0.6025485402312607,
  "aupr": 0.5869052787333726,
  "ndcg@10": NaN,
  "mrr": 0.3451019298061795,
  "map": 0.270943420332632,
  "threshold": 0.45
}