{
  "precision": 0.9228187919463087,
  "recall": 0.912106135986733,
  "f1": 0.9174311926105521,
  "auroc": 0.9741270736808512,
  "aupr": 0.9760420284640297,
  "ndcg@10": 0.9999999999779907,
  "mrr": 1.0,
  "map": 1.0,
  "threshold": 0.49
}