{
  "precision": 0.508182601205857,
  "recall": 1.0,
  "f1": 0.6739006281677671,
  "auroc": 0.48780314049096146,
  "aupr": 0.5111760970422441,
  "ndcg@10": 0.7915603619211323,
  "mrr": 1.0,
  "map": 1.0,
  "threshold": 0.01
}