{
  "precision": 0.6050119331742243,
  "recall": 0.8407960199004975,
  "f1": 0.7036780013392548,
  "auroc": 0.7115510648361856,
  "aupr": 0.6958950017610492,
  "ndcg@10": NaN,
  "mrr": 0.3356338873070442,
  "map": 0.2646729271590283,
  "threshold": 0.43
}