{
  "precision": 0.508182601205857,
  "recall": 1.0,
  "f1": 0.6739006281677671,
  "auroc": 0.5103891477930481,
  "aupr": 0.5062021037795588,
  "ndcg@10": 0.7555361963219343,
  "mrr": 1.0,
  "map": 1.0,
  "threshold": 0.01
}