{
  "precision": 0.8566929133858268,
  "recall": 0.9021558872305141,
  "f1": 0.8788368335526183,
  "auroc": 0.9500749403042063,
  "aupr": 0.9526743702054521,
  "ndcg@10": 0.9986256034163878,
  "mrr": 1.0,
  "map": 1.0,
  "threshold": 0.47000000000000003
}