{
  "precision": 0.508182601205857,
  "recall": 1.0,
  "f1": 0.6739006281677671,
  "auroc": 0.5340927305648728,
  "aupr": 0.5496894085654869,
  "ndcg@10": 0.7718123655265048,
  "mrr": 1.0,
  "map": 1.0,
  "threshold": 0.01
}