{
  "precision": 0.5894039735099338,
  "recall": 0.8855721393034826,
  "f1": 0.7077534790772645,
  "auroc": 0.7236184484222643,
  "aupr": 0.7218541225887863,
  "ndcg@10": NaN,
  "mrr": 0.34641336858284905,
  "map": 0.27090337824774685,
  "threshold": 0.47000000000000003
}