{
  "precision": 0.5118043844856661,
  "recall": 1.0,
  "f1": 0.6770775236585045,
  "auroc": 0.4714679316025678,
  "aupr": 0.4909557420524937,
  "ndcg@10": 0.7761189344541208,
  "mrr": 1.0,
  "map": 1.0,
  "threshold": 0.25
}