{
  "precision": 0.517724649629019,
  "recall": 0.9984101748807631,
  "f1": 0.6818675352427567,
  "auroc": 0.48608430661761326,
  "aupr": 0.5102026587567765,
  "ndcg@10": NaN,
  "mrr": 0.34482159856220845,
  "map": 0.26456083094992566,
  "threshold": 0.45
}