{
  "precision": 0.4975767366720517,
  "recall": 1.0,
  "f1": 0.6645091693191659,
  "auroc": 0.48163392074163774,
  "aupr": 0.4886811864889914,
  "ndcg@10": 0.7555338593186296,
  "mrr": 1.0,
  "map": 1.0,
  "threshold": 0.01
}