{
  "precision": 0.5090595340811044,
  "recall": 1.0,
  "f1": 0.6746712406642684,
  "auroc": 0.5150330968565406,
  "aupr": 0.5308489734257428,
  "ndcg@10": 0.7759507933946204,
  "mrr": 1.0,
  "map": 1.0,
  "threshold": 0.45
}