{
  "precision": 0.9009433962264151,
  "recall": 0.9502487562189055,
  "f1": 0.9249394672623842,
  "auroc": 0.9794241849173377,
  "aupr": 0.9803038698120805,
  "ndcg@10": 0.9999999999779907,
  "mrr": 1.0,
  "map": 1.0,
  "threshold": 0.43
}