{
  "precision": 0.508182601205857,
  "recall": 1.0,
  "f1": 0.6739006281677671,
  "auroc": 0.4998575202588381,
  "aupr": 0.5136165889308962,
  "ndcg@10": 0.7358148194167724,
  "mrr": 1.0,
  "map": 1.0,
  "threshold": 0.01
}