{
  "precision": 0.9048387096774193,
  "recall": 0.9303482587064676,
  "f1": 0.9174161896474748,
  "auroc": 0.970835969066466,
  "aupr": 0.9725904044168585,
  "ndcg@10": 0.9999999999779907,
  "mrr": 1.0,
  "map": 1.0,
  "threshold": 0.45
}