{
  "precision": 0.4975767366720517,
  "recall": 1.0,
  "f1": 0.6645091693191659,
  "auroc": 0.5162833549087569,
  "aupr": 0.5190462098409745,
  "ndcg@10": NaN,
  "mrr": 0.32425964088373455,
  "map": 0.26389562449337123,
  "threshold": 0.01
}