{
  "precision": 0.49797898140662894,
  "recall": 1.0,
  "f1": 0.6648677819307911,
  "auroc": 0.4993918862487994,
  "aupr": 0.5145233885504833,
  "ndcg@10": 0.8025515156356388,
  "mrr": 1.0,
  "map": 1.0,
  "threshold": 0.39
}