{
  "precision": 0.8025078369905956,
  "recall": 0.8490878938640133,
  "f1": 0.8251410152602735,
  "auroc": 0.9034381357815733,
  "aupr": 0.9114991601833358,
  "ndcg@10": 0.9950768947721222,
  "mrr": 1.0,
  "map": 1.0,
  "threshold": 0.47000000000000003
}