{
  "precision": 0.4991896272285251,
  "recall": 1.0,
  "f1": 0.6659459459015256,
  "auroc": 0.5052903286424186,
  "aupr": 0.5021274175807986,
  "ndcg@10": 0.7714320117155757,
  "mrr": 1.0,
  "map": 1.0,
  "threshold": 0.47000000000000003
}