{
  "precision": 0.4975767366720517,
  "recall": 1.0,
  "f1": 0.6645091693191659,
  "auroc": 0.48043726771620665,
  "aupr": 0.4936993920205261,
  "ndcg@10": 0.7925861988287762,
  "mrr": 1.0,
  "map": 1.0,
  "threshold": 0.01
}